title,thumbnailUrl,duration,videoUrl
"Listening radio with grass","https://i.ytimg.com/vi/b9UO9tn4MpI/hqdefault.jpg?sqp=-oaymwEmCOADEOgC8quKqQMa8AEB-AH-BIAC6AKKAgwIABABGHIgSihEMA8=&rs=AOn4CLBzvRj3qJtzn39SxTz6SD7pgOJNIw","1:39","https://www.youtube.com/watch?v=b9UO9tn4MpI"
"Samir....You're breaking the car!!!","https://i.ytimg.com/vi/D9-voINFkCg/maxresdefault.jpg?sqp=-oaymwEmCIAKENAF8quKqQMa8AEB-AH-CYAC0AWKAgwIABABGF8gTShlMA8=&rs=AOn4CLADSJE86NdUCa0k6lt05IV3RMPh8g","2:04","https://www.youtube.com/watch?v=D9-voINFkCg"
"Oliver eats an Apple","https://i.ytimg.com/vi/GlOQnsVOa2o/hqdefault.jpg?sqp=-oaymwEmCOADEOgC8quKqQMa8AEB-AG-AoAC8AGKAgwIABABGGUgZShlMA8=&rs=AOn4CLB0oes2JxaIH3fdTc2-QskyOp620g","1:38","https://www.youtube.com/watch?v=GlOQnsVOa2o"
"Radiation on a camera-equipped cell phone","https://i.ytimg.com/vi/t2GNvHRjcz8/maxresdefault.jpg","1:03","https://www.youtube.com/watch?v=t2GNvHRjcz8"
"Jet Powered Blower","https://i.ytimg.com/vi/BcEkt5vQTVQ/hqdefault.jpg?sqp=-oaymwEmCOADEOgC8quKqQMa8AEB-AHUBoAC4AOKAgwIABABGEQgTShlMA8=&rs=AOn4CLBkvgp7lYHMclSQtxPvXpm6ZXyjfg","2:36","https://www.youtube.com/watch?v=BcEkt5vQTVQ"
"Crazy Rocketman: Riding the ""Beast"" jet engine go kart.","https://i.ytimg.com/vi/gAKekhmTRaY/maxresdefault.jpg","2:43","https://www.youtube.com/watch?v=gAKekhmTRaY"
"Hopeless core (pt 12)","https://i.ytimg.com/vi/49K_V4fDDAY/maxresdefault.jpg?sqp=-oaymwEoCIAKENAF8quKqQMcGADwAQH4Ac4FgAKACooCDAgAEAEYZSBNKD4wDw==&rs=AOn4CLCVQyrFOm4HBApLMCXuMIh996D9fg","0:24","https://www.youtube.com/shorts/49K_V4fDDAY"
"linux vs bill gates","https://i.ytimg.com/vi/KwnBZZ7_FGg/hqdefault.jpg?sqp=-oaymwEmCOADEOgC8quKqQMa8AEB-AG-AoAC8AGKAgwIABABGGIgYihiMA8=&rs=AOn4CLB1b3tNsRLKgXxwWqtkaCCe7Yz38w","2:40","https://www.youtube.com/watch?v=KwnBZZ7_FGg"
"Watch the look in its eyes at the end. Hummingbird rescue","https://i.ytimg.com/vi/URjAZwhZ334/maxresdefault.jpg","3:04","https://www.youtube.com/watch?v=URjAZwhZ334"
"Budgie Balancing Trick","https://i.ytimg.com/vi/NmMMHuzDtG0/maxresdefault.jpg?sqp=-oaymwEmCIAKENAF8quKqQMa8AEB-AH-CYAC0AWKAgwIABABGGUgZShlMA8=&rs=AOn4CLAaCkXHVY9XyQ2vWb5x1uZSKjGSqg","1:37","https://www.youtube.com/watch?v=NmMMHuzDtG0"
"How to wash a Kitten without making it to scared","https://i.ytimg.com/vi/ymxEmbALjIo/maxresdefault.jpg?sqp=-oaymwEmCIAKENAF8quKqQMa8AEB-AH-CYAC0AWKAgwIABABGHIgSygwMA8=&rs=AOn4CLAU53yiKs1zzB3jRIfz_4j8GO1urg","5:33","https://www.youtube.com/watch?v=ymxEmbALjIo"
"pet crab eating chips","https://i.ytimg.com/vi/YrEr9Z0LUtA/hqdefault.jpg?sqp=-oaymwEmCOADEOgC8quKqQMa8AEB-AHwBIAC-AKKAgwIABABGHIgWSg8MA8=&rs=AOn4CLDG6eOWb6LDTvv6Esk7yQIGwaeYPg","2:54","https://www.youtube.com/watch?v=YrEr9Z0LUtA"
"Man gets Charged by a Gorilla","https://i.ytimg.com/vi/KujmrcF0ZxU/hqdefault.jpg?sqp=-oaymwEmCOADEOgC8quKqQMa8AEB-AG-AoAC8AGKAgwIABABGEcgZSgnMA8=&rs=AOn4CLBERfHZsV30CjjKRpuIcSpg_Lyy1Q","1:47","https://www.youtube.com/watch?v=KujmrcF0ZxU"
"Throwing a rock down a 450m deep hole. (1500 feet)","https://i.ytimg.com/vi/2czbp9V9F4A/hqdefault.jpg?sqp=-oaymwEmCOADEOgC8quKqQMa8AEB-AH-BIAC4AOKAgwIABABGGkgaShpMA8=&rs=AOn4CLBmJeugvkckgdbA48xz6w-LoQgCXA","0:21","https://www.youtube.com/watch?v=2czbp9V9F4A"
".50 cal are so much fun with tracer rounds!","https://i.ytimg.com/vi/2SUr1x4Vd74/hqdefault.jpg?sqp=-oaymwEmCOADEOgC8quKqQMa8AEB-AH-BIAC4AOKAgwIABABGGogaihqMA8=&rs=AOn4CLBYaDaKX_zV0roCZOmFBgt_4I0_Aw","0:35","https://www.youtube.com/watch?v=2SUr1x4Vd74"
"WHY DID HE HIT EVERY BEAT (extended and HD)","https://i.ytimg.com/vi/-jmyDIUUhpg/maxresdefault.jpg","1:01","https://www.youtube.com/watch?v=-jmyDIUUhpg"
"Sweaty Speedrunner Meme Webcam (Original) || H*ck No","https://i.ytimg.com/vi/6oMUiZXYQC4/maxresdefault.jpg","4:02","https://www.youtube.com/watch?v=6oMUiZXYQC4"
"It do go down","https://i.ytimg.com/vi/DYzT-Pk6Ogw/hqdefault.jpg?sqp=-oaymwEmCOADEOgC8quKqQMa8AEB-AGeBoAC4AOKAgwIABABGF8gZSg-MA8=&rs=AOn4CLDZrjV33M5allV-mOGdoZqO49ycLQ","0:24","https://www.youtube.com/watch?v=DYzT-Pk6Ogw"
"Guy slamming gears in a Honda","https://i.ytimg.com/vi/1HxNu61aljk/hqdefault.jpg?sqp=-oaymwEmCOADEOgC8quKqQMa8AEB-AGOA4ACkAOKAgwIABABGDwgRShyMA8=&rs=AOn4CLBmnGsKe9L3htCnJYME9utXeKNcuA","1:01","https://www.youtube.com/watch?v=1HxNu61aljk"
"He Protec but He Also Attac.","https://i.ytimg.com/vi/hy6oaDzy0-Q/hqdefault.jpg","1:29","https://www.youtube.com/watch?v=hy6oaDzy0-Q"
"Modern Warfare 2 secret old lady WTF!!!","https://i.ytimg.com/vi/ImC7qTUW-Yo/hqdefault.jpg","1:23","https://www.youtube.com/watch?v=ImC7qTUW-Yo"
"machine gun grandma","https://i.ytimg.com/vi/CYXJYQZ3FX0/hqdefault.jpg","0:31","https://www.youtube.com/watch?v=CYXJYQZ3FX0"
"Clippy Attacks","https://i.ytimg.com/vi/bCTZdSVnBJ0/hqdefault.jpg?sqp=-oaymwEmCOADEOgC8quKqQMa8AEB-AH-BIAC4AOKAgwIABABGGUgYSg5MA8=&rs=AOn4CLByXnrPEs5ETBP8sl4OBrPE-kgEOg","0:40","https://www.youtube.com/watch?v=bCTZdSVnBJ0"
"Crazy Cattle 3D Speedrun - Ireland 1.43.850","https://i.ytimg.com/vi/FIYksuvx4lY/maxresdefault.jpg?sqp=-oaymwEmCIAKENAF8quKqQMa8AEB-AH-CYAC0AWKAgwIABABGGIgZShJMA8=&rs=AOn4CLD0GKBeGoy2tsTtApE1FN67zaF1PQ","1:54","https://www.youtube.com/watch?v=FIYksuvx4lY"
"Hi there! Iâ€™m Cortana!","https://i.ytimg.com/vi/yn6bSm9HXFg/maxresdefault.jpg","3:29","https://www.youtube.com/watch?v=yn6bSm9HXFg"
"Weird Creepy Noises Coming From Manhole Drain Cover","https://i.ytimg.com/vi/UQ9saj1Cm3Q/hqdefault.jpg","1:05","https://www.youtube.com/watch?v=UQ9saj1Cm3Q"
"Horrifying Sounds of Hurricane Ike","https://i.ytimg.com/vi/zMvu5EF13xA/hqdefault.jpg?sqp=-oaymwEmCOADEOgC8quKqQMa8AEB-AGMBYAC4AOKAgwIABABGGUgUihBMA8=&rs=AOn4CLDtSKk-TFq1Z9hv_8AiRLf-cLpV4A","1:47","https://www.youtube.com/watch?v=zMvu5EF13xA"
"Analemma (3-year time-lapse)","https://i.ytimg.com/vi/Deli5COMJhs/maxresdefault.jpg","1:45","https://www.youtube.com/watch?v=Deli5COMJhs"
"ANDROID VS GOKU","https://i.ytimg.com/vi/xVBj4RLmyrI/maxresdefault.jpg","1:45","https://www.youtube.com/watch?v=xVBj4RLmyrI"
"Dean's Shameful Cuphead Demo Vs Pigeon Intelligence Test","https://i.ytimg.com/vi/OOjXaAZHEQE/maxresdefault.jpg","1:36","https://www.youtube.com/watch?v=OOjXaAZHEQE"